<?xml version="1.0" encoding="UTF-8" ?>
<!DOCTYPE mapper
  PUBLIC "-//mybatis.org//DTD Mapper 3.0//EN"
  "http://mybatis.org/dtd/mybatis-3-mapper.dtd">

<mapper namespace="com.qly.mapper.CoinMapper">


	<!-- 현재 코인 잔액 -->
	<select id="getCurrentCoin" resultType="int">
		SELECT TOTAL_TOKENS FROM USERS WHERE USER_ID = #{userId}
	</select>

	<!-- COIN_HISTORY -->
	<insert id="insertCoinHistory">
		INSERT INTO COIN_HISTORY (HISTORY_ID, USER_ID, TRANSACTION_DATE, AMOUNT, REMAIN_COIN, TYPE, DESCRIPTION)
		VALUES (COIN_HISTORY_SEQ.NEXTVAL, #{userId}, SYSDATE, #{coinAmount}, #{remain}, #{reason}, #{description})
	</insert>

	<!-- PAYMENT_HISTORY -->
	<insert id="insertPaymentHistory">
		INSERT INTO PAYMENT_HISTORY (PAYMENT_HISTORY_ID, USER_ID, PAYMENT_DATE, AMOUNT, REMAIN_COIN, TYPE, STATUS)
		VALUES (PAYMENT_HISTORY_SEQ.NEXTVAL, #{userId}, SYSDATE, #{coinAmount}, #{remain}, #{reason}, '결제 성공')
	</insert>

		<!-- === COIN_HISTORY === -->
	<!--  -->
	<select id="findAllCoinHistories" resultType="com.qly.vo.CoinHistoryVo">
		SELECT USER_ID, AMOUNT, REMAIN_COIN AS remainCoin, TYPE, TRANSACTION_DATE AS transactionDate, DESCRIPTION
		FROM COIN_HISTORY
	</select>

	<select id="findCoinHistoriesByUserId" parameterType="int" resultType="com.qly.vo.CoinHistoryVo">
		SELECT USER_ID, AMOUNT, REMAIN_COIN AS remainCoin, TYPE, TRANSACTION_DATE AS transactionDate, DESCRIPTION
		FROM COIN_HISTORY
		WHERE USER_ID = #{userId}
	</select>

	<!-- === PAYMENT_HISTORY === -->

	<select id="findAllPaymentHistories" resultType="com.qly.vo.PaymentHistoryVo">
		SELECT PAYMENT_HISTORY_ID, USER_ID, PAYMENT_DATE AS paymentDate, AMOUNT, REMAIN_COIN AS remainCoin, TYPE, STATUS
		FROM PAYMENT_HISTORY
	</select>

	<select id="findPaymentHistoriesByUserId" parameterType="int" resultType="com.qly.vo.PaymentHistoryVo">
		SELECT PAYMENT_HISTORY_ID, USER_ID, PAYMENT_DATE AS paymentDate, AMOUNT, REMAIN_COIN AS remainCoin, TYPE, STATUS
		FROM PAYMENT_HISTORY
		WHERE USER_ID = #{userId}
	</select>

	<!-- 유저의 코인 개수 변경. 이걸 실행하면 CoinHistoryAspect 가 실행되어야 함. -->
	<update id="updateUserCoinCount">
		UPDATE USERS
		SET TOTAL_TOKENS = TOTAL_TOKENS + #{coinAmount}
		WHERE USER_ID = #{userId}
	</update>

	<!-- 결제로 인한 유저의 코인 개수 변경. 이걸 실행하면 PaymentHistoryAspect 가 실행되어야 함. -->
	<update id="updateUserCoinCountWithPayment">
		UPDATE USERS
		SET TOTAL_TOKENS = TOTAL_TOKENS + #{coinAmount}
		WHERE USER_ID = #{userId}
	</update>

</mapper>

