<?xml version="1.0" encoding="UTF-8" ?>
<!DOCTYPE mapper PUBLIC "-//mybatis.org//DTD Mapper 3.0//EN"
  "http://mybatis.org/dtd/mybatis-3-mapper.dtd">

<mapper namespace="com.qly.mapper.InquiryMapper">

	<!-- ✅ 1:1 문의 등록 - 시퀀스로 QUESTION_ID 생성 -->
	<insert id="insertInquiry" parameterType="com.qly.dto.InquiryDto">
	<selectKey keyProperty="questionId" resultType="String" order="BEFORE">
		SELECT SEQ_QUESTION_ID.NEXTVAL FROM DUAL
	</selectKey>
	INSERT INTO QUESTIONS (
		QUESTION_ID, TITLE, USER_ID, CREATED_DATE,
		ANSWER_STATUS, ANSWER_CONTENT, TYPE
	) VALUES (
		#{questionId, jdbcType=VARCHAR},
		#{title, jdbcType=VARCHAR},
		#{userId, jdbcType=INTEGER},
		SYSDATE,
		#{answerStatus, jdbcType=VARCHAR},
		#{answerContent, jdbcType=CLOB},
		#{type, jdbcType=VARCHAR}
	)
</insert>



	<!-- ✅ 사용자별 문의 목록 조회 -->
<select id="selectByUserId" parameterType="int" resultType="com.qly.dto.InquiryDto">
  SELECT
    QUESTION_ID AS questionId,
    TITLE AS title,
    USER_ID AS userId,
    CREATED_DATE AS createdDate,
    CASE
      WHEN QUESTION_CONTENT IS NULL 
           OR TRIM(SUBSTR(TO_CHAR(QUESTION_CONTENT), 1, 4000)) = '' THEN '미답변'
      ELSE '답변완료'
    END AS answerStatus,
    ANSWER_CONTENT AS answerContent,
    QUESTION_CONTENT AS questionContent,
    TYPE AS type
  FROM QUESTIONS
  WHERE USER_ID = #{userId}
  ORDER BY CREATED_DATE DESC
</select>






	<!-- ✅ 전체 문의 목록 조회 -->
<select id="selectAll" parameterType="int" resultType="com.qly.dto.InquiryDto">
  SELECT
    QUESTION_ID AS questionId,
    TITLE AS title,
    USER_ID AS userId,
    CREATED_DATE AS createdDate,
    CASE
      WHEN QUESTION_CONTENT IS NULL 
           OR TRIM(SUBSTR(TO_CHAR(QUESTION_CONTENT), 1, 4000)) = '' THEN '미답변'
      ELSE '답변완료'
    END AS answerStatus,
    ANSWER_CONTENT AS answerContent,
    QUESTION_CONTENT AS questionContent,
    TYPE AS type
  FROM QUESTIONS
  ORDER BY CREATED_DATE DESC
</select>
	<!-- ✅ 문의 상세 조회 -->
<select id="selectById" parameterType="String" resultType="com.qly.dto.InquiryDto">
	SELECT
		QUESTION_ID,
		TITLE,
		USER_ID,
		CREATED_DATE AS createdDate,
		ANSWER_STATUS,
		ANSWER_CONTENT AS answerContent,
		QUESTION_CONTENT AS questionContent,
		TYPE
	FROM QUESTIONS
	WHERE QUESTION_ID = #{questionId,jdbcType=VARCHAR}
</select>
<!-- 관리자 문의답변 -->
<update id="insertQustion" parameterType="com.qly.dto.InquiryDto">
  UPDATE QUESTIONS
  SET QUESTION_CONTENT = #{questionContent, jdbcType=CLOB}
  WHERE QUESTION_ID = #{questionId, jdbcType=INTEGER}
</update>


</mapper>
