<?xml version="1.0" encoding="UTF-8" ?>
<!DOCTYPE mapper
  PUBLIC "-//mybatis.org//DTD Mapper 3.0//EN"
  "http://mybatis.org/dtd/mybatis-3-mapper.dtd">

<mapper namespace="com.qly.mapper.UserMapper">

	<!-- 로그인 -->
	<!-- <select id="login" resultType="com.qly.dto.UserDto"> SELECT user_id 
		AS userId, username, phone AS phone, email AS email, address AS address, 
		user_type AS userType, total_tokens AS totalTokens FROM users WHERE username 
		= #{username} AND password = #{password} </select> -->

	<select id="login" parameterType="String"
		resultType="com.qly.dto.UserDto">
		SELECT
		USER_ID AS userId,
		USERNAME,
		PASSWORD,
		PHONE AS phone,
		EMAIL AS email,
		ADDRESS AS address,
		USER_TYPE AS userType,
		TOTAL_TOKENS
		AS totalTokens,
		JOIN_DATE AS joinDate,
		LAST_LOGIN AS lastLogin,
		LAST_ACTIVE AS lastActive
		FROM USERS
		WHERE USERNAME = #{username}
	</select>


  <!-- 로그인 -->
<!--  <select id="login" resultType="com.qly.dto.UserDto">
    SELECT
     user_id AS userId,
      username,
      phone AS phone,
      email AS email,
      address AS address,
       user_type AS userType,
  total_tokens AS totalTokens    
    FROM
      users
    WHERE
      username = #{username}
      AND password = #{password}
      
  </select> -->
  
<update id="addTokensUser">
  UPDATE USERS
  SET total_tokens = total_tokens + #{amount}
  WHERE user_id = #{userId}
</update>

 

</mapper>
