<?xml version="1.0" encoding="UTF-8"?>
<beans xmlns="http://www.springframework.org/schema/beans"
	xmlns:xsi="http://www.w3.org/2001/XMLSchema-instance"
	xmlns:context="http://www.springframework.org/schema/context"
	xmlns:mvc="http://www.springframework.org/schema/mvc"
	xmlns:aop="http://www.springframework.org/schema/aop"
	xsi:schemaLocation="http://www.springframework.org/schema/mvc http://www.springframework.org/schema/mvc/spring-mvc.xsd
		http://www.springframework.org/schema/beans http://www.springframework.org/schema/beans/spring-beans.xsd
		http://www.springframework.org/schema/context http://www.springframework.org/schema/context/spring-context.xsd
		http://www.springframework.org/schema/aop http://www.springframework.org/schema/aop/spring-aop-4.1.xsd">

	<!-- ✅ 1. @Controller 등을 스캔할 패키지 지정 -->
	<context:component-scan base-package="com.qly" />


	<!-- ✅ 2. JSP ViewResolver 설정 -->
	<bean
		class="org.springframework.web.servlet.view.InternalResourceViewResolver">
		<property name="prefix" value="/WEB-INF/views/" />
		<property name="suffix" value=".jsp" />
	</bean>


	<!-- ✅ 3. 기본 Spring MVC 설정 -->
	<mvc:annotation-driven />

	<mvc:resources mapping="/images/**"
		location="file:///E:/images/" />
	<mvc:resources mapping="/resources/**" location="/resources/" />

	<bean id="multipartResolver"
		class="org.springframework.web.multipart.support.StandardServletMultipartResolver" />


	<!-- aop Annotation 을 사용하려면 필요함 -->
	<!-- AOP 기능 활성화 -->
	<aop:aspectj-autoproxy proxy-target-class="true" />

	<!-- ✅ JSON 응답을 위한 ViewResolver 설정 -->
	<bean
		class="org.springframework.web.servlet.view.BeanNameViewResolver" />
	<bean id="jsonView"
		class="org.springframework.web.servlet.view.json.MappingJackson2JsonView" />



</beans>
